<?xml version="1.0" encoding="UTF-8"?>
<workflow-app xmlns = "uri:oozie:workflow:0.1" name = "Credit_Card_System_CaseStudy_Jobayar">
<start to = "sqoop-node-CREDIT_CARD"/>


        <action name="sqoop-node-CREDIT_CARD"> 

            <sqoop xmlns="uri:oozie:sqoop-action:0.2">

                <job-tracker>${jobTracker}</job-tracker> 

                <name-node>${nameNode}</name-node> 

                <prepare>

                    <delete path="${nameNode}/user/maria_dev/AAA_CDW_SAPP/CDW_SAPP_F_CREDIT_CARD_Oozie"/>

                </prepare>

                <configuration>

                    <property>

                        <name>mapred.job.queue.name</name>

                        <value>${queueName}</value>

                    </property>

                </configuration>

                <arg>import</arg>

                <arg>--connect</arg>
 
                <arg>jdbc:mysql://localhost/CDW_SAPP</arg>

                <arg>--driver</arg>

                <arg>com.mysql.jdbc.Driver</arg>

                <arg>--username</arg>

                <arg>root</arg>

                <arg>--password</arg>

                <arg>password</arg>

                <arg>--query</arg>

                <arg>select transaction_id,credit_card_no, CONCAT(year,"-",month,"-",day) Time_Id, cust_ssn, branch_code,transaction_type,transaction_value from CDW_SAPP.CDW_SAPP_CREDITCARD WHERE $CONDITIONS</arg>

                <arg>--target-dir</arg>

                <arg>/user/maria_dev/AAA_CDW_SAPP/CDW_SAPP_F_CREDIT_CARD_Oozie/</arg>

                <arg>-m1</arg>

            </sqoop>

            <ok to="sqoop-node-BRANCH_oozie"/>

            <error to="fail"/>

        </action> <!-- end Cust -->

        <action name="sqoop-node-BRANCH_oozie">

            <sqoop xmlns="uri:oozie:sqoop-action:0.2">

                <job-tracker>${jobTracker}</job-tracker> 

                <!--job tracking node is http://sandbox.hortonworks.com:8050 which is define in job properties-->

                <name-node>${nameNode}</name-node> 

                <!--name node is http://sandbox.hortonworks.com:8020 which is defined in job properties-->

                <prepare>

                    <delete path="${nameNode}/user/maria_dev/AAA_CDW_SAPP/CDW_SAPP_D_BRANCH_Table_Oozie"/>

                </prepare>

                <configuration>

                    <property>

                        <name>mapred.job.queue.name</name>

                        <value>${queueName}</value>

                    </property>

                </configuration>

                <arg>import</arg>

                <arg>--connect</arg>

                <arg>jdbc:mysql://localhost/CDW_SAPP</arg>

                <arg>--driver</arg>

                <arg>com.mysql.jdbc.Driver</arg>

                <arg>--username</arg>

                <arg>root</arg>

                <arg>--password</arg>

                <arg>password</arg>

                <arg>--query</arg>

                <arg>select BRANCH_CODE,BRANCH_NAME,BRANCH_STREET ,BRANCH_CITY ,BRANCH_STATE,
 				if(ifnull(BRANCH_ZIP,0)=0,999999, BRANCH_ZIP)BRANCH_ZIP,
				concat("(" ,substring(Branch_Phone,1,3),") ",substring(Branch_Phone,4,3),
 				"-",substring(Branch_Phone,7,4))Branch_Phone,LAST_UPDATED from CDW_SAPP.CDW_SAPP_BRANCH
 				 WHERE $CONDITIONS</arg>

                <arg>--target-dir</arg>

                <arg>/user/maria_dev/AAA_CDW_SAPP/CDW_SAPP_D_BRANCH_Table_Oozie/</arg>

                <arg>-m1</arg>

            </sqoop>

            <ok to="sqoop-node-time_id"/>

            <error to="fail"/>

        </action> <!-- end Branch -->


        <action name="sqoop-node-time_id"> 

            <sqoop xmlns="uri:oozie:sqoop-action:0.2">

                <job-tracker>${jobTracker}</job-tracker> 

                <name-node>${nameNode}</name-node> 

                <prepare>

                    <delete path="${nameNode}/user/maria_dev/AAA_CDW_SAPP/CDW_SAPP_Time_Id_Oozie"/>

                </prepare>

                <configuration>

                    <property>

                        <name>mapred.job.queue.name</name>

                        <value>${queueName}</value>

                    </property>

                </configuration>

                <arg>import</arg>

                <arg>--connect</arg>

                <arg>jdbc:mysql://localhost/CDW_SAPP</arg>

                <arg>--driver</arg>

                <arg>com.mysql.jdbc.Driver</arg>

                <arg>--username</arg>

                <arg>root</arg>

                <arg>--password</arg>

                <arg>password</arg>

                <arg>--query</arg>

                 <arg>SELECT DISTINCT CONCAT(YEAR, CASE WHEN MONTH &lt; 10 THEN CONCAT('0',MONTH) ELSE MONTH END, CASE WHEN DAY &lt; 10 THEN CONCAT('0',DAY) ELSE DAY END), DAY, MONTH, CASE WHEN MONTH &lt;=3 THEN '1st' WHEN MONTH &gt; 3 AND MONTH &lt;= 6 THEN '2nd' WHEN MONTH &gt; 6 AND MONTH &lt;= 9 THEN '3rd' ELSE '4th' END, YEAR FROM CDW_SAPP.CDW_SAPP_CREDITCARD WHERE $CONDITIONS</arg>

                <arg>--target-dir</arg>

                <arg>/user/maria_dev/AAA_CDW_SAPP/CDW_SAPP_Time_Id_Oozie/</arg>

                <arg>-m1</arg>                

            </sqoop>          

            <ok to = "sqoop-node-CUSTOMER_Oozie"/>

            <error to="fail"/>

        </action> <!-- end Time -->
        <action name="sqoop-node-CUSTOMER_Oozie"> 

            <sqoop xmlns="uri:oozie:sqoop-action:0.2">

                <job-tracker>${jobTracker}</job-tracker> 

                <name-node>${nameNode}</name-node> 

                <prepare>

                    <delete path="${nameNode}/user/maria_dev/AAA_CDW_SAPP/CDW_SAPP_D_CUSTOMER_Oozie"/>

                </prepare>

                <configuration>

                    <property>

                        <name>mapred.job.queue.name</name>

                        <value>${queueName}</value>

                    </property>

                </configuration>

                <arg>import</arg>

                <arg>--connect</arg>

                <arg>jdbc:mysql://localhost/CDW_SAPP</arg>

                <arg>--driver</arg>

                <arg>com.mysql.jdbc.Driver</arg>

                <arg>--username</arg>

                <arg>root</arg>

                <arg>--password</arg>

                <arg>password</arg>

                <arg>--query</arg>

                <arg>select SSN as CUST_SSN,concat(ucase(substring(FIRST_NAME,1,1)),lcase(substring(FIRST_NAME,2)))CUST_F_NAME,
				Lcase(MIDDLE_NAME)CUST_M_NAME,
				concat(ucase(substring(LAST_NAME,1,1)),lcase(substring(LAST_NAME,2)))CUST_L_NAME,CREDIT_CARD_NO,
				concat(STREET_NAME, " ",APT_NO)CUST_STREET,CUST_CITY,CUST_STATE,CUST_COUNTRY,CUST_ZIP,
				concat(substring(CUST_PHONE,1,3),"-",substring(CUST_PHONE,4,4))CUST_PHONE,CUST_EMAIL,LAST_UPDATED 
				from CDW_SAPP.CDW_SAPP_CUSTOMER WHERE $CONDITIONS</arg>

                <arg>--target-dir</arg>

                <arg>/user/maria_dev/AAA_CDW_SAPP/CDW_SAPP_D_CUSTOMER_Oozie/</arg>

                <arg>-m1</arg>

            </sqoop>

            <ok to ="hive_drop_tables"/>

            <error to="fail"/>

        </action> <!-- end ALL EXTRACTION-->

                <action name = "hive_drop_tables">

            <hive xmlns = "uri:oozie:hive-action:0.4">

                <job-tracker>${jobTracker}</job-tracker>

                <name-node>${nameNode}</name-node>

                <script>${nameNode}/user/maria_dev/AAA_CDW_SAPP/jobs/drop_hive_tables.sql</script>

            </hive>

            <ok to = "hive_create_tables"/>

            <error to = "fail"/>

        </action> <!-- end Hive: Drop Tables -->
        <action name = "hive_create_tables">

            <hive xmlns = "uri:oozie:hive-action:0.4">

                <job-tracker>${jobTracker}</job-tracker>

                <name-node>${nameNode}</name-node>

                <script>${nameNode}/user/maria_dev/AAA_CDW_SAPP/jobs/create_hive_tables.sql</script>

            </hive>

            <ok to = "end"/>

            <error to = "fail"/>

        </action> <!-- end Hive: Create Tables -->
   <kill name = "fail">
      <message>Job failed</message>
   </kill>
	
   <end name = "end" />

</workflow-app>