<coordinator-app xmlns = "uri:oozie:coordinator:0.2" name =
   "CDW_SAPP_Credit_Card_Automation" frequency = "0/20 12-21 ? * 2-6" start =   "2018-04-02T08:00Z" end = "2025-03-29T18:00Z" timezone = "America/New_York" >

<controls>
<timeout>1</timeout>
<concurrency>1</concurrency>
<execution>FIFO</execution>
<throttle>1</throttle>
</controls>

<action>
<workflow>
<app-path>${nameNode}/user/maria_dev/AAA_CDW_SAPP/jobs/incrementworkflow.xml</app-path>
</workflow>
</action>
</coordinator-app>